Iteration,Elapsed Time
1,3.370165
2,4.262946
3,5.004574
4,5.801178
5,5.005396
6,4.152493
7,3.933603
8,3.672810
9,3.687330
10,3.681303
