Iteration,Elapsed Time
1,1.441203
2,1.437219
3,1.438367
4,1.440282
5,1.441233
6,1.456722
7,1.441950
8,1.398305
9,1.435845
10,1.438896
