Iteration,Elapsed Time
1,2.674279
2,2.665546
3,2.656838
4,2.664092
5,2.665364
6,2.661443
7,2.639303
8,2.648778
9,2.653825
10,2.657496
