Iteration,Elapsed Time
1,0.425853
2,0.428250
3,0.437830
4,0.429226
5,0.421386
6,0.424113
7,0.425592
8,0.422385
9,0.428355
10,0.420332
