Iteration,Elapsed Time
1,0.969360
2,0.971081
3,0.967482
4,0.967920
5,0.968815
6,0.968759
7,0.972386
8,0.970365
9,0.971296
10,0.972710
