Iteration,Elapsed Time
1,0.494723
2,0.491518
3,0.492106
4,0.493362
5,0.494629
6,0.494656
7,0.495423
8,0.490639
9,0.494503
10,0.489600
