Iteration,Elapsed Time
1,7.931905
2,7.946545
3,7.117494
4,6.325065
5,5.696072
6,6.364711
7,8.034207
8,7.120777
9,6.295482
10,5.805018
