Iteration,Elapsed Time
1,1.451323
2,1.444008
3,1.452844
4,1.379053
5,1.451325
6,1.453653
7,1.449580
8,1.367488
9,1.440811
10,1.383644
