Iteration,Elapsed Time
1,0.586275
2,0.586826
3,0.592485
4,0.586523
5,0.585962
6,0.587585
7,0.586318
8,0.587528
9,0.618882
10,0.587981
