Iteration,Elapsed Time
1,8.236278
2,7.688729
3,7.269380
4,7.731692
5,7.359834
6,8.802019
7,8.047288
8,8.312123
9,7.146468
10,9.869071
