Iteration,Elapsed Time
1,1.426631
2,1.387847
3,1.344724
4,1.436502
5,1.443696
6,1.439393
7,1.447601
8,1.382396
9,1.449190
10,1.441998
