Iteration,Elapsed Time
1,0.727298
2,0.728517
3,0.729044
4,0.729416
5,0.725459
6,0.725692
7,0.731294
8,0.727110
9,0.726211
10,0.726535
