Iteration,Elapsed Time
1,5.916923
2,5.953875
3,5.909174
4,5.889469
5,5.910874
6,5.912949
7,5.878553
8,5.896142
9,5.892351
10,5.897821
