Iteration,Elapsed Time
1,1.442258
2,1.437027
3,1.440582
4,1.437561
5,1.441675
6,1.439412
7,1.440479
8,1.439192
9,1.440364
10,1.439137
