Iteration,Elapsed Time
1,2.728957
2,2.669874
3,2.687248
4,2.686567
5,2.686026
6,2.678391
7,2.675878
8,2.662341
9,2.675476
10,2.664393
