Iteration,Elapsed Time
1,1.468540
2,1.452330
3,1.451527
4,1.452147
5,1.455309
6,1.450038
7,1.414602
8,1.460078
9,1.449497
10,1.451998
