Iteration,Elapsed Time
1,1.443921
2,1.439755
3,1.440238
4,1.438825
5,1.439045
6,1.440760
7,1.442039
8,1.440954
9,1.451078
10,1.443633
