Iteration,Elapsed Time
1,0.424850
2,0.396869
3,0.415035
4,0.416713
5,0.382241
6,0.385297
7,0.476518
8,0.446210
9,0.450154
10,0.460255
