Iteration,Elapsed Time
1,5.930659
2,5.910723
3,5.899641
4,5.902640
5,5.923775
6,5.898897
7,5.906431
8,5.913815
9,5.890264
10,5.890967
