Iteration,Elapsed Time
1,1.444656
2,1.439281
3,1.442090
4,1.338993
5,1.396485
6,1.438252
7,1.441077
8,1.438104
9,1.436248
10,1.438222
